{"stats":{"minecraft:broken":{"minecraft:iron_boots":1,"minecraft:stone_pickaxe":1,"minecraft:iron_pickaxe":1,"minecraft:iron_helmet":1},"minecraft:killed":{"minecraft:vindicator":1,"minecraft:spider":8,"creeperoverhaul:snowy_creeper":3,"naturalist:snail":1,"minecraft:skeleton":25,"minecraft:chicken":4,"quark:crab":1,"minecraft:pig":1,"naturalist:bluejay":2,"naturalist:butterfly":1,"minecraft:iron_golem":1,"minecraft:sheep":8,"minecraft:pillager":5,"minecraft:goat":2,"minecraft:zombie":19,"minecraft:stray":3,"minecraft:villager":1,"minecraft:cow":2},"minecraft:crafted":{"minecraft:wooden_sword":1,"simplyswords:iron_sai":2,"minecraft:fishing_rod":1,"minecraft:iron_nugget":9,"simplyswords:iron_twinblade":1,"simplyswords:iron_katana":1,"minecraft:cooked_chicken":1,"minecraft:furnace":2,"minecraft:cooked_mutton":8,"minecraft:iron_boots":1,"minecraft:stone_pickaxe":1,"packedup:basicbackpack":1,"packedup:copperbackpack":1,"minecraft:cooked_beef":12,"minecraft:cooked_cod":12,"biomesoplenty:fir_boat":2,"minecraft:crafting_table":6,"simplyswords:iron_claymore":1,"minecraft:wooden_pickaxe":1,"minecraft:baked_potato":2,"minecraft:iron_helmet":1,"minecraft:iron_sword":1,"minecraft:copper_ingot":15,"minecraft:cooked_salmon":3,"minecraft:air":0,"minecraft:light_gray_bed":2,"biomesoplenty:fir_planks":152,"minecraft:iron_chestplate":1,"minecraft:shield":1,"minecraft:stick":44,"minecraft:iron_ingot":53,"minecraft:iron_pickaxe":2,"minecraft:wooden_axe":1,"minecraft:stone_sword":1,"minecraft:iron_leggings":1,"minecraft:white_bed":2,"minecraft:torch":4},"minecraft:mined":{"quark:shale":26,"minecraft:potted_flowering_azalea_bush":1,"minecraft:spruce_trapdoor":1,"minecraft:grass_block":13,"minecraft:light_gray_bed":1,"minecraft:spruce_leaves":11,"minecraft:mud_bricks":2,"biomesoplenty:tundra_shrub":2,"minecraft:spawner":2,"minecraft:large_fern":3,"minecraft:oxidized_cut_copper":2,"minecraft:waxed_oxidized_cut_copper":1,"minecraft:packed_mud":3,"minecraft:furnace":5,"minecraft:raw_gold_block":2,"biomesoplenty:toadstool":4,"minecraft:iron_ore":106,"biomesoplenty:violet":1,"minecraft:moss_carpet":1,"minecraft:green_stained_glass":1,"minecraft:packed_ice":7,"biomesoplenty:barley":2,"minecraft:stone":174,"minecraft:player_head":1,"minecraft:cake":1,"minecraft:waxed_cut_copper_stairs":1,"minecraft:waxed_cut_copper":1,"minecraft:deepslate_redstone_ore":27,"minecraft:smoker":1,"minecraft:crafting_table":3,"minecraft:torch":1,"minecraft:dark_oak_wood":7,"spelunkers_charm:dead_grass":1,"minecraft:rose_bush":1,"minecraft:tall_grass":4,"minecraft:copper_ore":24,"biomesoplenty:sprout":6,"minecraft:lapis_ore":2,"minecraft:oak_planks":2,"minecraft:wall_torch":1,"minecraft:sea_pickle":1,"minecraft:waxed_oxidized_cut_copper_stairs":1,"minecraft:lilac":6,"minecraft:light_gray_wool":13,"biomesoplenty:fir_log":39,"minecraft:grass":32,"minecraft:coal_ore":39,"minecraft:waxed_oxidized_copper":1,"minecraft:sunflower":1,"minecraft:dirt":3,"minecraft:sand":2,"minecraft:cobweb":7,"minecraft:small_dripleaf":2,"minecraft:redstone_lamp":2,"minecraft:waxed_exposed_cut_copper":1,"minecraft:oak_leaves":4,"minecraft:deepslate":4,"minecraft:fern":17},"minecraft:used":{"simplyswords:iron_claymore":254,"minecraft:stone_sword":29,"minecraft:white_terracotta":2,"minecraft:shield":52,"minecraft:iron_sword":127,"minecraft:cooked_salmon":2,"minecraft:cooked_chicken":2,"minecraft:oxidized_cut_copper":17,"minecraft:torch":4,"minecraft:dirt":2,"simplyswords:iron_katana":79,"minecraft:wooden_axe":30,"minecraft:golden_sword":12,"minecraft:redstone_lamp":2,"minecraft:sweet_berries":1,"minecraft:furnace":7,"minecraft:cooked_cod":12,"minecraft:potato":2,"minecraft:cooked_beef":6,"minecraft:light_gray_bed":3,"minecraft:iron_leggings":1,"minecraft:cooked_mutton":11,"minecraft:waxed_oxidized_cut_copper":1,"minecraft:stone_pickaxe":133,"minecraft:baked_potato":1,"minecraft:wooden_pickaxe":15,"minecraft:redstone_block":1,"biomesoplenty:fir_planks":28,"biomesoplenty:fir_boat":2,"minecraft:white_wool":3,"minecraft:golden_apple":1,"minecraft:crafting_table":10,"minecraft:red_bed":1,"simplyswords:iron_twinblade":24,"minecraft:crossbow":1,"minecraft:white_bed":2,"minecraft:apple":11,"minecraft:bread":7,"minecraft:string":1,"minecraft:iron_pickaxe":312,"minecraft:gravel":3,"biomesoplenty:toadstool":1,"minecraft:fishing_rod":22,"minecraft:wooden_sword":4,"minecraft:cobblestone":144,"minecraft:cooked_porkchop":1,"minecraft:sea_pickle":1},"minecraft:picked_up":{"minecraft:charcoal":1,"minecraft:waxed_oxidized_cut_copper":1,"minecraft:crafting_table":4,"minecraft:chicken":4,"minecraft:flower_pot":1,"minecraft:redstone_lamp":2,"biomesoplenty:violet":3,"minecraft:enchanted_book":1,"minecraft:red_bed":1,"minecraft:string":11,"minecraft:raw_copper":79,"minecraft:iron_leggings":1,"minecraft:item_frame":1,"minecraft:pufferfish":1,"minecraft:sea_pickle":3,"minecraft:cobbled_deepslate":5,"minecraft:spruce_planks":1,"minecraft:waxed_exposed_cut_copper":2,"minecraft:beef":2,"minecraft:player_head":2,"minecraft:spruce_slab":1,"minecraft:poppy":1,"minecraft:iron_pickaxe":2,"minecraft:light_gray_wool":9,"hangglider:hang_glider":1,"minecraft:waxed_oxidized_copper":1,"minecraft:chest":1,"minecraft:spruce_trapdoor":1,"minecraft:furnace":5,"minecraft:tipped_arrow":1,"minecraft:raw_iron":102,"minecraft:stick":1,"minecraft:raw_gold_block":2,"minecraft:glow_item_frame":1,"quark:crab_shell":1,"minecraft:torch":1,"minecraft:spruce_stairs":1,"minecraft:porkchop":1,"minecraft:lightning_rod":1,"minecraft:redstone":121,"minecraft:waxed_cut_copper_stairs":1,"minecraft:honey_bottle":1,"minecraft:light_gray_bed":1,"minecraft:stone_sword":1,"minecraft:arrow":27,"minecraft:rotten_flesh":84,"minecraft:peony":1,"minecraft:waxed_oxidized_cut_copper_stairs":1,"minecraft:stripped_dark_oak_wood":1,"immersive_melodies:flute":1,"minecraft:white_terracotta":2,"supplementaries:ash":2,"minecraft:waxed_cut_copper":3,"minecraft:rail":2,"minecraft:mutton":13,"minecraft:cod":12,"minecraft:white_wool":12,"minecraft:cobblestone":169,"minecraft:mud_bricks":2,"minecraft:leather_chestplate":5,"minecraft:feather":3,"minecraft:lilac":9,"biomesoplenty:fir_button":2,"minecraft:salmon":3,"quark:green_shard":4,"minecraft:leather":7,"minecraft:smoker":1,"minecraft:packed_mud":5,"minecraft:filled_map":1,"biomesoplenty:fir_log":38,"minecraft:flint":1,"simplyswords:iron_claymore":1,"minecraft:tuff":2,"minecraft:smooth_sandstone_stairs":1,"minecraft:dirt":68,"minecraft:lapis_lazuli":12,"minecraft:cooked_mutton":3,"minecraft:red_carpet":1,"minecraft:light_blue_banner":2,"minecraft:bone":17,"minecraft:apple":8,"minecraft:stone_bricks":1,"minecraft:bow":1,"minecraft:wheat_seeds":7,"biomesoplenty:fir_boat":1,"minecraft:iron_ingot":3,"minecraft:stone_pickaxe":1,"minecraft:cooked_chicken":1,"minecraft:oxidized_cut_copper":1,"minecraft:flowering_azalea":3,"minecraft:oak_planks":2,"biomesoplenty:toadstool":7,"minecraft:cooked_porkchop":1,"minecraft:sweet_berries":1,"quark:shale":24,"minecraft:gravel":8,"minecraft:sand":2,"minecraft:spider_eye":3,"naturalist:antler":1,"minecraft:diamond":7,"minecraft:iron_helmet":1,"minecraft:diamond_axe":1,"minecraft:crossbow":1,"minecraft:golden_apple":2,"minecraft:bread":2,"minecraft:emerald":3,"minecraft:oak_sapling":2,"minecraft:dark_oak_wood":7,"minecraft:coal":35,"minecraft:sunflower":2},"minecraft:custom":{"minecraft:interact_with_anvil":1,"minecraft:mob_kills":92,"minecraft:interact_with_crafting_table":47,"minecraft:open_barrel":1,"minecraft:interact_with_campfire":3,"minecraft:leave_game":1,"minecraft:time_since_death":0,"minecraft:climb_one_cm":4321,"minecraft:sprint_one_cm":736938,"minecraft:walk_one_cm":790564,"minecraft:damage_blocked_by_shield":2500,"minecraft:drop":84,"minecraft:talked_to_villager":5,"minecraft:play_time":267523,"minecraft:deaths":22,"minecraft:sneak_time":5513,"minecraft:walk_under_water_one_cm":49096,"minecraft:boat_one_cm":55487,"minecraft:jump":2905,"minecraft:walk_on_water_one_cm":35641,"minecraft:total_world_time":267523,"minecraft:interact_with_furnace":110,"minecraft:sleep_in_bed":6,"minecraft:time_since_rest":251,"minecraft:open_enderchest":1,"minecraft:damage_taken":8954,"minecraft:damage_absorbed":40,"minecraft:damage_dealt":14699,"minecraft:fly_one_cm":284217,"minecraft:swim_one_cm":38583,"minecraft:open_chest":56,"minecraft:crouch_one_cm":6506,"minecraft:interact_with_smoker":1,"minecraft:fish_caught":15,"minecraft:fall_one_cm":68408,"minecraft:horse_one_cm":486155},"minecraft:dropped":{"minecraft:wheat_seeds":7,"quark:crab_shell":1,"minecraft:cooked_beef":6,"minecraft:lilac":9,"minecraft:crossbow":2,"minecraft:feather":3,"minecraft:cobblestone":1,"minecraft:leather":2,"minecraft:item_frame":1,"minecraft:pufferfish":1,"biomesoplenty:violet":3,"minecraft:dirt":36,"minecraft:wooden_axe":1,"minecraft:cooked_salmon":1,"minecraft:stripped_dark_oak_wood":1,"minecraft:flowering_azalea":1,"minecraft:wooden_sword":1,"minecraft:sunflower":1,"minecraft:sand":2,"minecraft:iron_pickaxe":2,"minecraft:paper":3,"minecraft:light_blue_banner":1,"minecraft:string":3,"simplyswords:iron_sai":1,"minecraft:bone":10,"biomesoplenty:toadstool":6,"hangglider:hang_glider":1,"minecraft:player_head":1,"minecraft:iron_nugget":5,"minecraft:stone_sword":1,"minecraft:cobbled_deepslate":4,"minecraft:tuff":2,"minecraft:smooth_sandstone_stairs":1,"minecraft:rotten_flesh":6,"minecraft:filled_map":1,"minecraft:poppy":1,"minecraft:leather_chestplate":5,"supplementaries:ash":1,"biomesoplenty:fir_planks":2,"minecraft:sea_pickle":2,"minecraft:charcoal":1,"minecraft:stone_bricks":1,"minecraft:spider_eye":2,"minecraft:arrow":3,"minecraft:stone_pickaxe":1,"minecraft:wooden_pickaxe":1,"biomesoplenty:fir_button":2,"simplyswords:iron_claymore":1},"minecraft:killed_by":{"minecraft:player":1,"minecraft:creeper":1,"minecraft:skeleton":14,"minecraft:zombie":4}},"DataVersion":3465}