{"stats":{"minecraft:killed_by":{"minecraft:player":1,"naturalist:rattlesnake":1},"minecraft:custom":{"minecraft:jump":105,"minecraft:open_chest":1,"minecraft:time_since_rest":431,"minecraft:deaths":2,"minecraft:crouch_one_cm":146,"minecraft:sprint_one_cm":10465,"minecraft:play_time":5496,"minecraft:damage_taken":510,"minecraft:time_since_death":403,"minecraft:walk_one_cm":6124,"minecraft:sneak_time":44,"minecraft:total_world_time":5496,"minecraft:fall_one_cm":2717,"minecraft:fly_one_cm":21012},"minecraft:mined":{"minecraft:grass_block":1},"minecraft:used":{"minecraft:chest":1},"minecraft:picked_up":{"minecraft:chest":1}},"DataVersion":3465}