{"stats":{"minecraft:broken":{"minecraft:iron_boots":1},"minecraft:killed":{"minecraft:spider":7,"naturalist:snail":2,"minecraft:skeleton":56,"minecraft:tropical_fish":2,"minecraft:zombie_villager":1,"minecraft:salmon":9,"minecraft:iron_golem":1,"minecraft:pillager":5,"minecraft:zombie":44,"minecraft:stray":3,"minecraft:cow":8,"creeperoverhaul:snowy_creeper":3,"minecraft:villager":1},"minecraft:crafted":{"minecraft:oak_planks":12,"quark:birch_chest":1,"minecraft:diamond_helmet":1,"minecraft:diamond_leggings":1,"minecraft:iron_boots":1,"packedup:basicbackpack":1,"minecraft:cooked_rabbit":1,"minecraft:crafting_table":2,"minecraft:wooden_pickaxe":1,"minecraft:copper_ingot":8,"minecraft:birch_planks":12,"biomesoplenty:fir_planks":120,"minecraft:iron_chestplate":1,"minecraft:diamond_pickaxe":1,"minecraft:shield":1,"minecraft:stick":24,"minecraft:iron_pickaxe":1,"minecraft:iron_ingot":25,"minecraft:stone_sword":1,"simplyswords:diamond_halberd":1,"morebows:diamond_bow":1,"simplyswords:diamond_scythe":1,"minecraft:iron_nugget":9,"immersive_melodies:trumpet":1,"minecraft:furnace":1,"immersive_melodies:flute":1,"immersive_melodies:piano":1,"minecraft:iron_axe":1,"minecraft:stone_pickaxe":1,"minecraft:diamond_boots":1,"packedup:copperbackpack":1,"minecraft:cooked_beef":8,"biomesoplenty:fir_boat":2,"minecraft:cooked_salmon":6,"minecraft:bucket":1,"minecraft:air":0,"minecraft:wooden_axe":1,"minecraft:iron_leggings":1,"minecraft:white_bed":1,"minecraft:note_block":3,"packedup:goldbackpack":1,"minecraft:torch":4,"minecraft:diamond_chestplate":1},"minecraft:used":{"minecraft:shield":32,"minecraft:rotten_flesh":11,"minecraft:oxidized_cut_copper":14,"minecraft:tuff":5,"minecraft:packed_mud":8,"minecraft:stone_bricks":14,"supplementaries:bomb_blue":1,"minecraft:redstone_lamp":8,"minecraft:furnace":9,"minecraft:potato":2,"minecraft:mossy_stone_bricks":1,"minecraft:stone_pickaxe":12,"minecraft:oak_planks":4,"minecraft:wooden_pickaxe":19,"biomesoplenty:fir_planks":61,"biomesoplenty:fir_boat":7,"simplyswords:diamond_halberd":135,"minecraft:diamond_axe":1,"minecraft:white_wool":1,"minecraft:golden_apple":15,"minecraft:bread":45,"minecraft:deepslate":1,"minecraft:gravel":2,"minecraft:cooked_rabbit":1,"minecraft:coarse_dirt":2,"minecraft:stone_sword":36,"minecraft:tropical_fish":2,"morebows:diamond_bow":73,"minecraft:spruce_planks":1,"minecraft:cooked_salmon":7,"minecraft:torch":1,"minecraft:dirt":27,"minecraft:anvil":2,"minecraft:mud_brick_stairs":2,"minecraft:wooden_axe":42,"minecraft:dark_oak_planks":10,"simplyswords:diamond_scythe":234,"minecraft:waxed_cut_copper":1,"minecraft:iron_axe":48,"minecraft:mud_bricks":23,"minecraft:golden_carrot":4,"spelunkers_charm:rock":2,"minecraft:cooked_beef":7,"minecraft:cobbled_deepslate":54,"minecraft:iron_leggings":1,"minecraft:water_bucket":52,"minecraft:polished_andesite":1,"minecraft:mud_brick_slab":4,"minecraft:cracked_stone_bricks":1,"minecraft:crafting_table":15,"minecraft:red_bed":4,"minecraft:white_bed":2,"minecraft:dark_prismarine":1,"minecraft:diamond_pickaxe":220,"minecraft:apple":25,"minecraft:iron_pickaxe":133,"minecraft:map":1,"minecraft:cobblestone":98,"minecraft:bucket":53},"minecraft:mined":{"minecraft:dark_oak_planks":12,"minecraft:waxed_cut_copper_slab":1,"minecraft:spruce_planks":6,"minecraft:white_bed":1,"minecraft:cave_vines_plant":2,"minecraft:grass_block":18,"minecraft:white_concrete":2,"minecraft:soul_soil":1,"minecraft:mud_bricks":30,"minecraft:mud_brick_wall":3,"minecraft:spawner":15,"minecraft:magma_block":1,"minecraft:iron_ore":6,"minecraft:barrel":1,"biomesoplenty:violet":1,"minecraft:anvil":2,"minecraft:stripped_dark_oak_wood":1,"minecraft:green_stained_glass":1,"minecraft:cave_vines":1,"minecraft:purple_carpet":2,"minecraft:smooth_sandstone_stairs":1,"minecraft:spruce_slab":1,"minecraft:waxed_cut_copper":1,"minecraft:red_bed":5,"minecraft:amethyst_cluster":2,"minecraft:note_block":2,"minecraft:mud_brick_stairs":3,"minecraft:cobblestone":8,"spelunkers_charm:deepslate_geyser":1,"minecraft:grindstone":1,"minecraft:oak_planks":1,"minecraft:wall_torch":1,"minecraft:light_blue_terracotta":1,"spelunkers_charm:rock_pile_3":1,"biomesoplenty:glowworm_silk_strand":1,"minecraft:birch_log":3,"minecraft:lilac":3,"biomesoplenty:fir_log":31,"minecraft:stone_brick_stairs":3,"minecraft:grass":24,"minecraft:oak_log":3,"minecraft:dirt":18,"minecraft:waxed_weathered_cut_copper":2,"minecraft:deepslate":58,"minecraft:redstone_lamp":2,"minecraft:dark_prismarine":1,"minecraft:diamond_ore":1,"minecraft:tuff":8,"minecraft:red_carpet":1,"minecraft:deepslate_diamond_ore":11,"minecraft:dark_oak_fence":2,"minecraft:spruce_fence":2,"minecraft:spruce_leaves":12,"minecraft:moss_block":3,"minecraft:large_fern":1,"spelunkers_charm:deepslate_rock_pile_1":1,"minecraft:redstone_ore":4,"minecraft:furnace":9,"minecraft:packed_mud":15,"biomesoplenty:toadstool":1,"minecraft:andesite":1,"minecraft:deepslate_iron_ore":16,"minecraft:packed_ice":7,"quark:permafrost":2,"minecraft:stone":86,"minecraft:white_wool":1,"minecraft:mud_brick_slab":4,"minecraft:flowering_azalea":1,"minecraft:redstone_block":1,"minecraft:crafting_table":15,"spelunkers_charm:dead_grass":2,"minecraft:rose_bush":3,"minecraft:copper_ore":2,"supplementaries:urn":10,"minecraft:sea_pickle":1,"spelunkers_charm:deepslate_rock_pile_3":1,"minecraft:ice":4,"minecraft:birch_leaves":1,"minecraft:coal_ore":12,"biomesoplenty:fir_leaves":26,"minecraft:gravel":3,"minecraft:cobweb":4,"minecraft:cracked_stone_bricks":1,"minecraft:stone_bricks":17,"minecraft:polished_andesite":3,"minecraft:small_dripleaf":1,"minecraft:mossy_stone_bricks":1,"minecraft:waxed_exposed_cut_copper":2,"minecraft:fern":11},"minecraft:picked_up":{"minecraft:iron_chestplate":1,"packedup:basicbackpack":1,"minecraft:anvil":2,"supplementaries:bomb_blue":1,"biomesoplenty:violet":1,"minecraft:stone_brick_stairs":3,"minecraft:string":15,"minecraft:waxed_cut_copper_slab":2,"minecraft:raw_copper":8,"minecraft:cooked_salmon":1,"simplyswords:diamond_scythe":1,"minecraft:cobbled_deepslate":55,"minecraft:gold_nugget":32,"minecraft:spruce_planks":4,"minecraft:waxed_exposed_cut_copper":2,"minecraft:furnace":9,"minecraft:tipped_arrow":3,"minecraft:spruce_pressure_plate":2,"minecraft:torch":5,"minecraft:lightning_rod":1,"minecraft:warped_button":1,"minecraft:rotten_flesh":28,"minecraft:tropical_fish":2,"supplementaries:antique_ink":3,"supplementaries:ash":5,"minecraft:waxed_cut_copper":1,"minecraft:snowball":12,"minecraft:cobblestone":136,"minecraft:birch_log":3,"minecraft:lilac":2,"minecraft:andesite":1,"quark:green_shard":2,"minecraft:mud_brick_stairs":3,"minecraft:potato":3,"biomesoplenty:fir_sapling":1,"biomesoplenty:fir_log":31,"minecraft:flint":1,"minecraft:tuff":5,"supplementaries:flax_seeds":2,"minecraft:dirt":33,"minecraft:purple_carpet":2,"minecraft:bone":84,"minecraft:bow":2,"minecraft:wheat_seeds":12,"biomesoplenty:fir_boat":6,"minecraft:grindstone":2,"minecraft:mossy_stone_bricks":1,"minecraft:rabbit":1,"minecraft:moss_block":1,"minecraft:oak_planks":2,"biomesoplenty:toadstool":2,"minecraft:dark_prismarine":1,"minecraft:polished_andesite":1,"minecraft:deepslate":1,"minecraft:diamond":12,"minecraft:golden_apple":1,"minecraft:white_concrete":2,"minecraft:bread":4,"minecraft:emerald":3,"minecraft:dark_oak_fence":2,"minecraft:coarse_dirt":2,"minecraft:crafting_table":14,"minecraft:mud_brick_slab":4,"minecraft:redstone_lamp":2,"spelunkers_charm:deepslate_rock":3,"minecraft:red_bed":5,"minecraft:moss_carpet":1,"minecraft:cracked_stone_bricks":3,"minecraft:candle":2,"minecraft:beef":26,"minecraft:player_head":1,"minecraft:iron_nugget":20,"minecraft:poppy":2,"minecraft:spruce_slab":1,"minecraft:raw_iron":31,"minecraft:glow_item_frame":1,"minecraft:spruce_fence":1,"minecraft:redstone":18,"minecraft:dark_oak_planks":11,"minecraft:arrow":96,"minecraft:peony":1,"minecraft:pink_tulip":1,"minecraft:glow_berries":1,"minecraft:white_wool":4,"minecraft:rail":2,"minecraft:mud_bricks":28,"minecraft:salmon":6,"minecraft:leather":6,"minecraft:filled_map":1,"minecraft:packed_mud":14,"minecraft:oak_log":3,"minecraft:red_carpet":1,"minecraft:waxed_weathered_cut_copper":1,"minecraft:light_blue_banner":1,"minecraft:stone_bricks":15,"minecraft:rabbit_hide":1,"minecraft:iron_ingot":4,"minecraft:flowering_azalea":1,"minecraft:oxidized_cut_copper":1,"minecraft:gravel":2,"minecraft:amethyst_shard":4,"minecraft:mud_brick_wall":3,"minecraft:white_bed":1,"minecraft:spider_eye":1,"minecraft:chainmail_leggings":1,"minecraft:diamond_axe":1,"spelunkers_charm:rock":4,"minecraft:coal":52},"minecraft:custom":{"minecraft:interact_with_crafting_table":58,"minecraft:open_barrel":59,"minecraft:leave_game":2,"minecraft:time_since_death":4283,"minecraft:sprint_one_cm":995331,"minecraft:damage_blocked_by_shield":1633,"minecraft:drop":120,"minecraft:play_noteblock":4,"minecraft:talked_to_villager":8,"minecraft:play_time":263344,"minecraft:deaths":28,"minecraft:jump":5973,"minecraft:walk_on_water_one_cm":31635,"minecraft:interact_with_furnace":59,"minecraft:interact_with_loom":1,"minecraft:sleep_in_bed":5,"minecraft:open_enderchest":3,"minecraft:damage_dealt":19394,"minecraft:player_kills":1,"minecraft:crouch_one_cm":30236,"minecraft:interact_with_smoker":1,"minecraft:inspect_dispenser":2,"minecraft:horse_one_cm":2530,"minecraft:mob_kills":148,"minecraft:interact_with_anvil":4,"minecraft:climb_one_cm":10509,"minecraft:walk_one_cm":521113,"minecraft:sneak_time":13114,"minecraft:walk_under_water_one_cm":48898,"minecraft:boat_one_cm":149786,"minecraft:interact_with_lectern":3,"minecraft:total_world_time":263344,"minecraft:time_since_rest":4312,"minecraft:damage_taken":12871,"minecraft:damage_absorbed":500,"minecraft:swim_one_cm":85058,"minecraft:fly_one_cm":1197313,"minecraft:open_chest":113,"minecraft:fall_one_cm":186480},"minecraft:dropped":{"minecraft:candle":2,"minecraft:diamond":7,"minecraft:glow_item_frame":1,"minecraft:cracked_stone_bricks":2,"minecraft:rail":2,"minecraft:red_carpet":1,"minecraft:dirt":6,"minecraft:packed_mud":2,"minecraft:red_bed":1,"immersive_melodies:piano":1,"minecraft:light_blue_banner":1,"minecraft:bone":5,"biomesoplenty:toadstool":1,"minecraft:iron_nugget":2,"minecraft:cobbled_deepslate":1,"immersive_melodies:flute":1,"minecraft:rotten_flesh":11,"minecraft:grindstone":1,"minecraft:rabbit_hide":1,"minecraft:poppy":2,"supplementaries:ash":1,"minecraft:spruce_pressure_plate":2,"minecraft:spruce_slab":1,"minecraft:arrow":9,"minecraft:stone_brick_stairs":2,"minecraft:bread":10,"minecraft:wheat_seeds":6,"minecraft:lilac":2,"minecraft:cobblestone":5,"minecraft:apple":12,"biomesoplenty:violet":1,"minecraft:diamond_helmet":1,"minecraft:iron_leggings":1,"minecraft:flowering_azalea":1,"minecraft:string":8,"minecraft:pink_tulip":1,"packedup:basicbackpack":1,"minecraft:stone_sword":1,"minecraft:raw_iron":3,"minecraft:waxed_exposed_cut_copper":1,"minecraft:spruce_fence":1,"minecraft:lightning_rod":1,"minecraft:filled_map":2,"minecraft:spruce_planks":2,"minecraft:peony":1,"minecraft:iron_chestplate":2,"minecraft:spider_eye":1,"minecraft:stone_pickaxe":1,"simplyswords:diamond_scythe":2,"minecraft:wooden_pickaxe":1},"minecraft:killed_by":{"minecraft:cave_spider":1,"minecraft:zombie":6,"minecraft:player":1,"minecraft:spider":1,"minecraft:enderman":1,"minecraft:iron_golem":1,"minecraft:skeleton":14}},"DataVersion":3465}