{"stats":{"minecraft:custom":{"minecraft:interact_with_anvil":2,"minecraft:mob_kills":210,"minecraft:inspect_hopper":1,"minecraft:interact_with_crafting_table":69,"minecraft:open_barrel":60,"minecraft:eat_cake_slice":4,"minecraft:leave_game":5,"minecraft:time_since_death":21648,"minecraft:climb_one_cm":9487,"minecraft:sprint_one_cm":750859,"minecraft:walk_one_cm":887224,"minecraft:damage_blocked_by_shield":3925,"minecraft:drop":147,"minecraft:talked_to_villager":33,"minecraft:play_time":290567,"minecraft:sneak_time":12349,"minecraft:deaths":34,"minecraft:walk_under_water_one_cm":39458,"minecraft:boat_one_cm":120605,"minecraft:jump":3518,"minecraft:walk_on_water_one_cm":26724,"minecraft:total_world_time":290567,"minecraft:interact_with_furnace":112,"minecraft:traded_with_villager":3,"minecraft:tune_noteblock":9,"minecraft:interact_with_loom":1,"minecraft:raid_trigger":1,"minecraft:sleep_in_bed":7,"minecraft:time_since_rest":21688,"minecraft:damage_taken":13177,"minecraft:open_enderchest":2,"minecraft:damage_absorbed":320,"minecraft:damage_dealt":25726,"minecraft:player_kills":1,"minecraft:swim_one_cm":30815,"minecraft:fly_one_cm":520355,"minecraft:open_chest":131,"minecraft:crouch_one_cm":21807,"minecraft:fall_one_cm":86863,"minecraft:fish_caught":9,"minecraft:interact_with_smoker":3,"minecraft:inspect_dispenser":1},"minecraft:used":{"minecraft:waxed_exposed_cut_copper":1,"minecraft:stone_sword":55,"simplyswords:iron_claymore":40,"minecraft:spruce_planks":1,"minecraft:shield":65,"minecraft:iron_sword":451,"minecraft:cooked_salmon":2,"minecraft:rotten_flesh":7,"minecraft:player_head":1,"minecraft:iron_chestplate":1,"minecraft:torch":69,"minecraft:dirt":6,"minecraft:dark_oak_planks":6,"minecraft:packed_mud":4,"minecraft:mud_bricks":17,"minecraft:item_frame":1,"simplyswords:iron_scythe":54,"minecraft:redstone_lamp":5,"minecraft:bow":62,"minecraft:furnace":7,"minecraft:cooked_cod":6,"minecraft:light_gray_bed":2,"biomesoplenty:violet":1,"minecraft:cooked_mutton":12,"minecraft:water_bucket":3,"minecraft:dark_oak_stairs":1,"minecraft:baked_potato":1,"minecraft:stone_pickaxe":355,"minecraft:wooden_pickaxe":16,"minecraft:ender_pearl":2,"minecraft:blackstone":2,"minecraft:leather_chestplate":1,"minecraft:brown_mushroom":1,"biomesoplenty:fir_planks":2,"biomesoplenty:fir_boat":6,"minecraft:cookie":1,"minecraft:golden_apple":9,"minecraft:glow_item_frame":1,"minecraft:glow_berries":16,"minecraft:crafting_table":10,"minecraft:red_bed":3,"minecraft:white_bed":1,"minecraft:apple":6,"minecraft:bread":44,"minecraft:iron_pickaxe":355,"minecraft:gravel":3,"minecraft:stone_axe":37,"minecraft:diamond_sword":84,"minecraft:fishing_rod":13,"quark:dark_oak_chest":1,"minecraft:cobblestone":179,"minecraft:potion":1,"minecraft:dark_oak_fence":1,"minecraft:bucket":2,"minecraft:candle":2,"minecraft:experience_bottle":1},"minecraft:dropped":{"minecraft:water_bucket":1,"minecraft:bread":6,"minecraft:iron_sword":1,"minecraft:candle":10,"quark:crab_shell":1,"minecraft:wheat_seeds":15,"minecraft:mud_brick_slab":2,"minecraft:glass_bottle":1,"minecraft:iron_helmet":2,"minecraft:feather":2,"minecraft:cobblestone":7,"minecraft:book":9,"minecraft:apple":8,"minecraft:creeper_banner_pattern":1,"minecraft:golden_apple":2,"minecraft:red_carpet":1,"minecraft:pufferfish":1,"biomesoplenty:violet":2,"minecraft:dirt":22,"minecraft:packed_mud":3,"minecraft:torch":1,"minecraft:rose_bush":2,"minecraft:diamond_helmet":1,"minecraft:iron_leggings":2,"minecraft:sunflower":2,"simplyswords:iron_sai":2,"minecraft:bone":4,"minecraft:pink_tulip":5,"biomesoplenty:toadstool":6,"minecraft:note_block":2,"hangglider:hang_glider":1,"minecraft:iron_nugget":5,"minecraft:player_head":12,"minecraft:stone_sword":4,"minecraft:raw_copper":21,"minecraft:bowl":1,"minecraft:tuff":2,"minecraft:rotten_flesh":103,"minecraft:oak_planks":15,"minecraft:cooked_mutton":1,"quark:shale":1,"minecraft:filled_map":3,"minecraft:leather_chestplate":3,"supplementaries:ash":3,"minecraft:tipped_arrow":1,"minecraft:mud_bricks":4,"minecraft:waxed_cut_copper":2,"minecraft:iron_chestplate":2,"minecraft:charcoal":1,"minecraft:spider_eye":9,"minecraft:warped_button":1,"minecraft:arrow":2,"minecraft:stone_pickaxe":2,"minecraft:wooden_pickaxe":2,"biomesoplenty:fir_button":2,"simplyswords:iron_claymore":1},"minecraft:mined":{"minecraft:dark_oak_planks":3,"minecraft:spruce_planks":2,"minecraft:mossy_cobblestone":10,"quark:shale":2,"minecraft:black_terracotta":2,"minecraft:dark_oak_fence":4,"minecraft:grass_block":7,"minecraft:decorated_pot":1,"minecraft:spruce_leaves":6,"minecraft:mud_bricks":25,"minecraft:spawner":3,"minecraft:large_fern":1,"minecraft:spore_blossom":1,"minecraft:raw_iron_block":8,"minecraft:packed_mud":7,"minecraft:furnace":3,"minecraft:iron_ore":104,"minecraft:peony":1,"minecraft:gold_block":1,"minecraft:dark_oak_stairs":1,"minecraft:bookshelf":3,"minecraft:deepslate_iron_ore":2,"minecraft:warped_button":1,"minecraft:stone":394,"minecraft:waxed_cut_copper":2,"minecraft:red_bed":2,"minecraft:blackstone":5,"minecraft:crafting_table":3,"minecraft:torch":8,"minecraft:emerald_ore":2,"minecraft:lightning_rod":1,"minecraft:copper_ore":6,"minecraft:tall_grass":1,"minecraft:deepslate_coal_ore":3,"minecraft:cobblestone":15,"biomesoplenty:sprout":4,"minecraft:oak_planks":10,"minecraft:wall_torch":1,"minecraft:spruce_stairs":1,"minecraft:birch_log":2,"minecraft:ice":1,"minecraft:lilac":2,"minecraft:light_gray_wool":9,"minecraft:stone_brick_stairs":1,"biomesoplenty:fir_log":24,"minecraft:grass":10,"minecraft:coal_ore":69,"biomesoplenty:fir_leaves":12,"minecraft:gravel":12,"minecraft:sunflower":2,"minecraft:dirt":37,"minecraft:cobweb":10,"minecraft:cracked_stone_bricks":2,"minecraft:stone_bricks":8,"minecraft:polished_andesite":3,"minecraft:small_dripleaf":1,"minecraft:mossy_stone_bricks":2,"minecraft:waxed_exposed_cut_copper":1,"minecraft:oak_leaves":4,"minecraft:redstone_lamp":5,"minecraft:fern":2},"minecraft:crafted":{"hangglider:glider_framework":1,"minecraft:fishing_rod":1,"minecraft:iron_nugget":9,"hangglider:hang_glider":1,"minecraft:furnace":4,"hangglider:glider_wing":2,"minecraft:cooked_mutton":17,"quark:dark_oak_chest":2,"minecraft:iron_boots":2,"minecraft:stone_pickaxe":3,"packedup:basicbackpack":1,"minecraft:dark_oak_planks":32,"minecraft:cooked_beef":14,"minecraft:cooked_cod":6,"biomesoplenty:fir_boat":2,"minecraft:crafting_table":7,"simplyswords:iron_claymore":1,"minecraft:wooden_pickaxe":1,"minecraft:iron_helmet":1,"minecraft:iron_sword":1,"minecraft:cooked_salmon":2,"minecraft:birch_planks":8,"minecraft:stone_axe":1,"minecraft:bread":2,"minecraft:air":0,"simplyswords:iron_scythe":1,"minecraft:light_gray_bed":2,"biomesoplenty:fir_planks":96,"minecraft:iron_chestplate":1,"minecraft:white_wool":1,"minecraft:shield":2,"minecraft:stick":96,"minecraft:iron_ingot":53,"minecraft:leather_chestplate":3,"minecraft:iron_pickaxe":1,"minecraft:stone_sword":1,"minecraft:iron_leggings":2,"biomesoplenty:fir_button":2,"minecraft:white_bed":1,"minecraft:torch":112,"minecraft:diamond_chestplate":1},"minecraft:broken":{"minecraft:iron_boots":1,"minecraft:iron_leggings":1,"minecraft:stone_pickaxe":2,"minecraft:shield":1,"minecraft:iron_sword":1},"minecraft:killed":{"minecraft:vindicator":2,"minecraft:spider":7,"minecraft:skeleton":54,"naturalist:bear":1,"naturalist:bluejay":1,"minecraft:creeper":2,"minecraft:sheep":11,"minecraft:pillager":5,"minecraft:zombie":102,"minecraft:stray":5,"minecraft:cow":17},"minecraft:picked_up":{"minecraft:mud_brick_slab":2,"minecraft:crafting_table":3,"simplyswords:iron_sai":2,"minecraft:redstone_lamp":5,"minecraft:diamond_sword":2,"minecraft:wooden_pickaxe":1,"biomesoplenty:violet":3,"minecraft:gold_block":1,"minecraft:stone_brick_stairs":1,"minecraft:string":7,"minecraft:red_bed":3,"minecraft:raw_copper":21,"minecraft:item_frame":1,"minecraft:pufferfish":1,"minecraft:blackstone":4,"minecraft:candle":17,"minecraft:spruce_planks":3,"minecraft:waxed_exposed_cut_copper":1,"minecraft:beef":32,"minecraft:rose_bush":2,"minecraft:player_head":15,"minecraft:ender_eye":1,"minecraft:light_gray_wool":6,"hangglider:hang_glider":1,"minecraft:furnace":3,"minecraft:tipped_arrow":2,"minecraft:raw_iron":105,"minecraft:stick":5,"minecraft:glow_item_frame":1,"quark:crab_shell":1,"minecraft:torch":9,"minecraft:bowl":1,"minecraft:note_block":2,"minecraft:cookie":1,"minecraft:warped_button":1,"minecraft:dark_oak_planks":3,"minecraft:stone_sword":3,"minecraft:arrow":80,"minecraft:rotten_flesh":110,"minecraft:pink_tulip":5,"supplementaries:ash":3,"minecraft:waxed_cut_copper":2,"minecraft:mutton":17,"minecraft:white_wool":11,"minecraft:cod":6,"minecraft:cobblestone":265,"minecraft:birch_log":2,"minecraft:mud_bricks":21,"minecraft:feather":2,"minecraft:cooked_beef":6,"minecraft:water_bucket":1,"minecraft:salmon":2,"minecraft:leather":11,"minecraft:filled_map":2,"biomesoplenty:fir_log":24,"minecraft:packed_mud":7,"simplyswords:iron_claymore":1,"minecraft:tuff":2,"minecraft:dirt":50,"minecraft:bone":60,"minecraft:red_carpet":1,"minecraft:waxed_weathered_cut_copper":1,"minecraft:apple":12,"minecraft:bow":1,"minecraft:wheat_seeds":15,"biomesoplenty:fir_boat":5,"minecraft:stone_pickaxe":1,"minecraft:diamond_helmet":2,"minecraft:glass_bottle":1,"minecraft:iron_sword":1,"minecraft:oak_planks":18,"minecraft:dark_oak_stairs":1,"minecraft:book":9,"biomesoplenty:toadstool":6,"minecraft:black_terracotta":2,"quark:shale":1,"minecraft:raw_iron_block":8,"minecraft:gravel":3,"minecraft:spruce_sapling":1,"minecraft:spider_eye":9,"minecraft:mossy_cobblestone":7,"immersive_melodies:piano":1,"minecraft:diamond_axe":1,"minecraft:bread":10,"minecraft:emerald":6,"minecraft:dark_oak_fence":1,"minecraft:coal":67,"minecraft:sunflower":2},"minecraft:killed_by":{"minecraft:player":1,"minecraft:spider":2,"minecraft:iron_golem":1,"minecraft:vindicator":2,"minecraft:skeleton":13,"minecraft:zombie":14}},"DataVersion":3465}