{"stats":{"minecraft:dropped":{"minecraft:chicken":1,"minecraft:chest":1},"minecraft:killed_by":{"minecraft:drowned":1},"minecraft:killed":{"naturalist:rattlesnake":1},"minecraft:custom":{"minecraft:time_since_rest":5058,"minecraft:open_chest":7,"minecraft:play_time":5382,"minecraft:sprint_one_cm":678,"minecraft:deaths":1,"minecraft:damage_taken":240,"minecraft:walk_one_cm":2884,"minecraft:walk_under_water_one_cm":3404,"minecraft:mob_kills":1,"minecraft:drop":2,"minecraft:jump":12,"minecraft:damage_dealt":322,"minecraft:time_since_death":5021,"minecraft:total_world_time":5382,"minecraft:player_kills":1,"minecraft:fly_one_cm":988},"minecraft:used":{"stalwart_dungeons:diamond_hammer":2,"minecraft:chest":1,"minecraft:diamond_axe":1},"minecraft:picked_up":{"minecraft:chicken":2,"minecraft:dirt":1}},"DataVersion":3465}