{
  "1_splatus:ultris/illusioner": {
    "criteria": {
      "c1": "2024-06-18 03:20:10 +0000"
    },
    "done": true
  },
  "immersive_melodies:misc/instruments": {
    "criteria": {
      "has_item": "2024-06-18 05:00:14 +0000"
    },
    "done": true
  },
  "incendium:technical/using/trailblazer": {
    "criteria": {
      "log_spam_fixer": "2024-06-18 02:15:11 +0000"
    },
    "done": false
  },
  "incendium:technical/scroll_of_returning": {
    "criteria": {
      "log_spam_fixer": "2024-06-18 02:15:11 +0000"
    },
    "done": false
  },
  "minecraft:story/obtain_armor": {
    "criteria": {
      "iron_chestplate": "2024-06-18 03:01:41 +0000"
    },
    "done": true
  },
  "biomesoplenty:biomesoplenty/all_biomes": {
    "criteria": {
      "rocky_shrubland": "2024-06-18 04:41:45 +0000",
      "highland": "2024-06-18 04:40:41 +0000",
      "jade_cliffs": "2024-06-18 04:41:46 +0000",
      "mystic_grove": "2024-06-18 04:40:38 +0000",
      "cold_desert": "2024-06-18 03:29:17 +0000",
      "field": "2024-06-18 04:06:55 +0000",
      "coniferous_forest": "2024-06-18 03:50:03 +0000",
      "seasonal_orchard": "2024-06-18 03:50:12 +0000",
      "seasonal_forest": "2024-06-18 03:57:33 +0000",
      "auroral_garden": "2024-06-18 02:30:31 +0000",
      "fir_clearing": "2024-06-18 03:56:38 +0000",
      "grassland": "2024-06-18 04:58:04 +0000",
      "snowy_coniferous_forest": "2024-06-18 02:15:11 +0000",
      "tundra": "2024-06-18 03:47:14 +0000",
      "snowy_maple_woods": "2024-06-18 02:21:47 +0000"
    },
    "done": false
  },
  "minecraft:adventure/sleep_in_bed": {
    "criteria": {
      "slept_in_bed": "2024-06-18 03:19:23 +0000"
    },
    "done": true
  },
  "packedup:basic_backpack": {
    "criteria": {
      "has_backpack": "2024-06-18 04:59:29 +0000"
    },
    "done": true
  },
  "minecraft:adventure/root": {
    "criteria": {
      "killed_something": "2024-06-18 02:28:11 +0000"
    },
    "done": true
  },
  "minecraft:adventure/kill_all_mobs": {
    "criteria": {
      "minecraft:pillager": "2024-06-18 03:44:38 +0000",
      "minecraft:skeleton": "2024-06-18 03:29:39 +0000",
      "minecraft:vindicator": "2024-06-18 05:07:37 +0000",
      "minecraft:spider": "2024-06-18 02:46:48 +0000",
      "minecraft:stray": "2024-06-18 03:32:19 +0000",
      "minecraft:zombie": "2024-06-18 03:07:18 +0000"
    },
    "done": false
  },
  "incendium:technical/sentrys_wrath": {
    "criteria": {
      "log_spam_fixer": "2024-06-18 05:57:48 +0000"
    },
    "done": false
  },
  "supplementaries:adventure/way_sign": {
    "criteria": {
      "bastion": "2024-06-18 04:36:10 +0000"
    },
    "done": true
  },
  "minecraft:husbandry/tame_an_animal": {
    "criteria": {
      "tamed_animal": "2024-06-18 04:38:16 +0000"
    },
    "done": true
  },
  "nova_structures:adventure/find_all_illager_structures": {
    "criteria": {
      "pillager_outpost": "2024-06-18 03:43:17 +0000",
      "illager_camp": "2024-06-18 04:08:44 +0000"
    },
    "done": false
  },
  "incendium:technical/inventory/sentrys_wrath": {
    "criteria": {
      "log_spam_fixer": "2024-06-18 05:57:48 +0000"
    },
    "done": false
  },
  "minecraft:story/deflect_arrow": {
    "criteria": {
      "deflected_projectile": "2024-06-18 03:31:40 +0000"
    },
    "done": true
  },
  "minecraft:story/iron_tools": {
    "criteria": {
      "iron_pickaxe": "2024-06-18 02:36:48 +0000"
    },
    "done": true
  },
  "dungeons_arise:find_mechanical_nest": {
    "criteria": {
      "location0": "2024-06-18 05:10:05 +0000"
    },
    "done": true
  },
  "betterdungeons:root": {
    "criteria": {
      "always": "2024-06-18 02:15:10 +0000"
    },
    "done": true
  },
  "minecraft:adventure/kill_a_mob": {
    "criteria": {
      "minecraft:spider": "2024-06-18 02:46:48 +0000"
    },
    "done": true
  },
  "incendium:technical/multiplex_crossbow": {
    "criteria": {
      "log_spam_fixer": "2024-06-18 05:57:48 +0000"
    },
    "done": false
  },
  "incendium:technical/firestorm": {
    "criteria": {
      "log_spam_fixer": "2024-06-18 05:57:48 +0000"
    },
    "done": false
  },
  "minecraft:adventure/adventuring_time": {
    "criteria": {
      "minecraft:old_growth_pine_taiga": "2024-06-18 04:39:30 +0000",
      "minecraft:frozen_river": "2024-06-18 02:21:38 +0000",
      "minecraft:river": "2024-06-18 03:57:13 +0000",
      "minecraft:snowy_plains": "2024-06-18 03:16:09 +0000",
      "minecraft:stony_shore": "2024-06-18 02:43:35 +0000",
      "minecraft:dripstone_caves": "2024-06-18 05:05:11 +0000",
      "minecraft:snowy_taiga": "2024-06-18 03:16:02 +0000",
      "minecraft:grove": "2024-06-18 03:22:54 +0000",
      "minecraft:swamp": "2024-06-18 04:58:07 +0000",
      "minecraft:jagged_peaks": "2024-06-18 03:25:51 +0000",
      "minecraft:forest": "2024-06-18 04:54:44 +0000",
      "minecraft:lush_caves": "2024-06-18 03:15:24 +0000",
      "minecraft:frozen_ocean": "2024-06-18 02:44:03 +0000",
      "minecraft:old_growth_spruce_taiga": "2024-06-18 04:40:19 +0000",
      "minecraft:snowy_beach": "2024-06-18 02:31:23 +0000",
      "minecraft:frozen_peaks": "2024-06-18 03:23:00 +0000",
      "minecraft:meadow": "2024-06-18 04:54:06 +0000"
    },
    "done": false
  },
  "incendium:technical/using/ragnarok": {
    "criteria": {
      "log_spam_fixer": "2024-06-18 02:15:11 +0000"
    },
    "done": false
  },
  "incendium:technical/holy_wrath": {
    "criteria": {
      "log_spam_fixer": "2024-06-18 05:57:48 +0000"
    },
    "done": false
  },
  "minecraft:husbandry/fishy_business": {
    "criteria": {
      "cod": "2024-06-18 02:49:02 +0000"
    },
    "done": true
  },
  "packedup:iron_or_copper_backpack": {
    "criteria": {
      "has_copper_backpack": "2024-06-18 05:01:55 +0000"
    },
    "done": true
  },
  "dungeons_arise:wda_root": {
    "criteria": {
      "WDA": "2024-06-18 02:15:10 +0000"
    },
    "done": true
  },
  "incendium:technical/on_block": {
    "criteria": {
      "log_spam_fixer": "2024-06-18 05:57:48 +0000"
    },
    "done": false
  },
  "dungeons_arise:find_abandoned_temple": {
    "criteria": {
      "location0": "2024-06-18 03:29:53 +0000"
    },
    "done": true
  },
  "minecraft:husbandry/balanced_diet": {
    "criteria": {
      "cooked_porkchop": "2024-06-18 05:53:34 +0000",
      "cooked_mutton": "2024-06-18 03:30:38 +0000",
      "cooked_beef": "2024-06-18 04:43:28 +0000",
      "baked_potato": "2024-06-18 03:51:16 +0000",
      "apple": "2024-06-18 03:33:39 +0000",
      "potato": "2024-06-18 04:53:41 +0000",
      "cooked_cod": "2024-06-18 02:50:05 +0000",
      "bread": "2024-06-18 03:33:34 +0000",
      "golden_apple": "2024-06-18 05:55:11 +0000",
      "cooked_chicken": "2024-06-18 02:41:57 +0000",
      "cooked_salmon": "2024-06-18 03:20:06 +0000"
    },
    "done": false
  },
  "incendium:technical/using/shield": {
    "criteria": {
      "log_spam_fixer": "2024-06-18 02:15:11 +0000"
    },
    "done": false
  },
  "minecraft:story/mine_stone": {
    "criteria": {
      "get_stone": "2024-06-18 02:23:47 +0000"
    },
    "done": true
  },
  "minecraft:husbandry/root": {
    "criteria": {
      "consumed_item": "2024-06-18 02:41:57 +0000"
    },
    "done": true
  },
  "nova_structures:adventure/find_pillager_outpost": {
    "criteria": {
      "minecraft:pillager_outpost": "2024-06-18 03:43:17 +0000"
    },
    "done": true
  },
  "incendium:technical/inventory/firestorm": {
    "criteria": {
      "log_spam_fixer": "2024-06-18 05:57:48 +0000"
    },
    "done": false
  },
  "incendium:technical/feed_ghastling": {
    "criteria": {
      "log_spam_fixer": "2024-06-18 05:57:48 +0000"
    },
    "done": false
  },
  "minecraft:story/mine_diamond": {
    "criteria": {
      "diamond": "2024-06-18 03:04:08 +0000"
    },
    "done": true
  },
  "minecraft:story/upgrade_tools": {
    "criteria": {
      "stone_pickaxe": "2024-06-18 02:22:49 +0000"
    },
    "done": true
  },
  "1_splatus:ultris/technical/used_shield": {
    "criteria": {
      "requirement": "2024-06-18 03:20:06 +0000"
    },
    "done": true
  },
  "incendium:technical/on_inventory_change": {
    "criteria": {
      "log_spam_fixer": "2024-06-18 05:57:48 +0000"
    },
    "done": false
  },
  "biomesoplenty:biomesoplenty/root": {
    "criteria": {
      "snowy_coniferous_forest": "2024-06-18 02:15:11 +0000"
    },
    "done": true
  },
  "dungeons_arise:find_greenwood_pub": {
    "criteria": {
      "location0": "2024-06-18 04:15:15 +0000"
    },
    "done": true
  },
  "minecraft:story/root": {
    "criteria": {
      "crafting_table": "2024-06-18 02:22:35 +0000"
    },
    "done": true
  },
  "minecraft:adventure/ol_betsy": {
    "criteria": {
      "shot_crossbow": "2024-06-18 04:26:54 +0000"
    },
    "done": true
  },
  "1_splatus:ultris/root": {
    "criteria": {
      "c1": "2024-06-18 02:15:10 +0000"
    },
    "done": true
  },
  "incendium:technical/new_player": {
    "criteria": {
      "requirement": "2024-06-18 02:15:10 +0000"
    },
    "done": true
  },
  "repurposed_structures:ruins": {
    "criteria": {
      "in_ruins_land_cold": "2024-06-18 04:53:01 +0000"
    },
    "done": false
  },
  "incendium:technical/give_ghastling": {
    "criteria": {
      "log_spam_fixer": "2024-06-18 05:57:48 +0000"
    },
    "done": false
  },
  "incendium:technical/on_kill": {
    "criteria": {
      "log_spam_fixer": "2024-06-18 05:57:48 +0000"
    },
    "done": false
  },
  "incendium:technical/on_player_hurt": {
    "criteria": {
      "requirement": "2024-06-18 05:57:48 +0000",
      "log_spam_fixer": "2024-06-18 05:57:48 +0000"
    },
    "done": true
  },
  "minecraft:story/smelt_iron": {
    "criteria": {
      "iron": "2024-06-18 02:36:38 +0000"
    },
    "done": true
  },
  "repurposed_structures:root": {
    "criteria": {
      "always": "2024-06-18 02:15:10 +0000"
    },
    "done": true
  },
  "DataVersion": 3465
}