{
  "betterdungeons:root": {
    "criteria": {
      "always": "2024-06-18 02:19:27 +0000"
    },
    "done": true
  },
  "dungeons_arise:wda_root": {
    "criteria": {
      "WDA": "2024-06-18 02:19:27 +0000"
    },
    "done": true
  },
  "1_splatus:ultris/root": {
    "criteria": {
      "c1": "2024-06-18 02:19:27 +0000"
    },
    "done": true
  },
  "incendium:technical/new_player": {
    "criteria": {
      "requirement": "2024-06-18 02:19:27 +0000"
    },
    "done": true
  },
  "repurposed_structures:root": {
    "criteria": {
      "always": "2024-06-18 02:19:27 +0000"
    },
    "done": true
  },
  "incendium:technical/using/trailblazer": {
    "criteria": {
      "log_spam_fixer": "2024-06-18 02:19:28 +0000"
    },
    "done": false
  },
  "incendium:technical/scroll_of_returning": {
    "criteria": {
      "log_spam_fixer": "2024-06-18 02:19:28 +0000"
    },
    "done": false
  },
  "biomesoplenty:biomesoplenty/all_biomes": {
    "criteria": {
      "rocky_shrubland": "2024-06-18 04:41:54 +0000",
      "highland": "2024-06-18 04:41:25 +0000",
      "jade_cliffs": "2024-06-18 04:41:59 +0000",
      "mystic_grove": "2024-06-18 04:41:19 +0000",
      "cold_desert": "2024-06-18 03:20:54 +0000",
      "field": "2024-06-18 04:03:47 +0000",
      "coniferous_forest": "2024-06-18 03:32:56 +0000",
      "forested_field": "2024-06-18 04:29:23 +0000",
      "seasonal_orchard": "2024-06-18 03:30:27 +0000",
      "seasonal_forest": "2024-06-18 03:29:45 +0000",
      "auroral_garden": "2024-06-18 03:06:40 +0000",
      "fir_clearing": "2024-06-18 03:33:46 +0000",
      "pumpkin_patch": "2024-06-18 03:33:06 +0000",
      "grassland": "2024-06-18 04:57:45 +0000",
      "snowy_coniferous_forest": "2024-06-18 02:19:28 +0000",
      "tundra": "2024-06-18 03:20:57 +0000",
      "glowing_grotto": "2024-06-18 02:32:04 +0000",
      "snowy_maple_woods": "2024-06-18 02:22:37 +0000"
    },
    "done": false
  },
  "incendium:technical/using/ragnarok": {
    "criteria": {
      "log_spam_fixer": "2024-06-18 02:19:28 +0000"
    },
    "done": false
  },
  "incendium:technical/using/shield": {
    "criteria": {
      "log_spam_fixer": "2024-06-18 02:19:28 +0000"
    },
    "done": false
  },
  "biomesoplenty:biomesoplenty/root": {
    "criteria": {
      "snowy_coniferous_forest": "2024-06-18 02:19:28 +0000"
    },
    "done": true
  },
  "minecraft:adventure/root": {
    "criteria": {
      "killed_by_something": "2024-06-18 02:21:19 +0000"
    },
    "done": true
  },
  "minecraft:adventure/adventuring_time": {
    "criteria": {
      "minecraft:frozen_river": "2024-06-18 02:22:04 +0000",
      "minecraft:river": "2024-06-18 03:34:16 +0000",
      "minecraft:snowy_plains": "2024-06-18 03:15:54 +0000",
      "minecraft:stony_shore": "2024-06-18 03:03:08 +0000",
      "minecraft:dripstone_caves": "2024-06-18 05:05:00 +0000",
      "minecraft:snowy_taiga": "2024-06-18 02:56:35 +0000",
      "minecraft:swamp": "2024-06-18 04:57:54 +0000",
      "minecraft:jagged_peaks": "2024-06-18 03:18:04 +0000",
      "minecraft:lush_caves": "2024-06-18 02:59:33 +0000",
      "minecraft:frozen_ocean": "2024-06-18 03:00:52 +0000",
      "minecraft:old_growth_spruce_taiga": "2024-06-18 04:40:42 +0000",
      "minecraft:snowy_beach": "2024-06-18 02:56:33 +0000",
      "minecraft:frozen_peaks": "2024-06-18 03:16:22 +0000"
    },
    "done": false
  },
  "minecraft:story/root": {
    "criteria": {
      "crafting_table": "2024-06-18 02:22:06 +0000"
    },
    "done": true
  },
  "minecraft:adventure/kill_all_mobs": {
    "criteria": {
      "minecraft:pillager": "2024-06-18 04:07:48 +0000",
      "minecraft:skeleton": "2024-06-18 02:39:40 +0000",
      "minecraft:spider": "2024-06-18 03:31:41 +0000",
      "minecraft:stray": "2024-06-18 02:59:04 +0000",
      "minecraft:zombie": "2024-06-18 02:22:28 +0000",
      "minecraft:zombie_villager": "2024-06-18 02:57:09 +0000"
    },
    "done": false
  },
  "minecraft:adventure/kill_a_mob": {
    "criteria": {
      "minecraft:zombie": "2024-06-18 02:22:28 +0000"
    },
    "done": true
  },
  "minecraft:story/mine_stone": {
    "criteria": {
      "get_stone": "2024-06-18 02:26:20 +0000"
    },
    "done": true
  },
  "minecraft:husbandry/balanced_diet": {
    "criteria": {
      "cooked_beef": "2024-06-18 04:57:37 +0000",
      "tropical_fish": "2024-06-18 02:59:48 +0000",
      "apple": "2024-06-18 04:07:58 +0000",
      "potato": "2024-06-18 02:57:14 +0000",
      "bread": "2024-06-18 03:24:55 +0000",
      "golden_apple": "2024-06-18 05:28:46 +0000",
      "rotten_flesh": "2024-06-18 02:41:38 +0000",
      "golden_carrot": "2024-06-18 05:30:09 +0000",
      "cooked_rabbit": "2024-06-18 02:35:42 +0000",
      "cooked_salmon": "2024-06-18 03:05:07 +0000"
    },
    "done": false
  },
  "minecraft:husbandry/root": {
    "criteria": {
      "consumed_item": "2024-06-18 02:35:42 +0000"
    },
    "done": true
  },
  "minecraft:story/upgrade_tools": {
    "criteria": {
      "stone_pickaxe": "2024-06-18 02:36:28 +0000"
    },
    "done": true
  },
  "minecraft:story/smelt_iron": {
    "criteria": {
      "iron": "2024-06-18 02:38:27 +0000"
    },
    "done": true
  },
  "minecraft:story/iron_tools": {
    "criteria": {
      "iron_pickaxe": "2024-06-18 02:38:36 +0000"
    },
    "done": true
  },
  "minecraft:story/mine_diamond": {
    "criteria": {
      "diamond": "2024-06-18 02:38:39 +0000"
    },
    "done": true
  },
  "1_splatus:ultris/technical/used_shield": {
    "criteria": {
      "requirement": "2024-06-18 02:39:27 +0000"
    },
    "done": true
  },
  "minecraft:story/deflect_arrow": {
    "criteria": {
      "deflected_projectile": "2024-06-18 02:39:30 +0000"
    },
    "done": true
  },
  "minecraft:story/obtain_armor": {
    "criteria": {
      "iron_chestplate": "2024-06-18 02:54:25 +0000"
    },
    "done": true
  },
  "minecraft:story/shiny_gear": {
    "criteria": {
      "diamond_helmet": "2024-06-18 02:54:33 +0000"
    },
    "done": true
  },
  "repurposed_structures:pyramids": {
    "criteria": {
      "in_pyramid_snowy": "2024-06-18 02:56:44 +0000"
    },
    "done": false
  },
  "minecraft:adventure/sleep_in_bed": {
    "criteria": {
      "slept_in_bed": "2024-06-18 03:19:28 +0000"
    },
    "done": true
  },
  "minecraft:adventure/shoot_arrow": {
    "criteria": {
      "shot_arrow": "2024-06-18 03:38:46 +0000"
    },
    "done": true
  },
  "immersive_melodies:misc/instruments": {
    "criteria": {
      "has_item": "2024-06-18 03:46:19 +0000"
    },
    "done": true
  },
  "dungeons_arise:find_abandoned_temple": {
    "criteria": {
      "location0": "2024-06-18 04:07:12 +0000"
    },
    "done": true
  },
  "nova_structures:adventure/find_all_illager_structures": {
    "criteria": {
      "illager_camp": "2024-06-18 04:07:19 +0000"
    },
    "done": false
  },
  "minecraft:story/form_obsidian": {
    "criteria": {
      "obsidian": "2024-06-18 04:07:33 +0000"
    },
    "done": true
  },
  "supplementaries:adventure/way_sign": {
    "criteria": {
      "bastion": "2024-06-18 04:12:30 +0000"
    },
    "done": true
  },
  "dungeons_arise:find_greenwood_pub": {
    "criteria": {
      "location0": "2024-06-18 04:13:45 +0000"
    },
    "done": true
  },
  "packedup:basic_backpack": {
    "criteria": {
      "has_backpack": "2024-06-18 04:43:20 +0000"
    },
    "done": true
  },
  "packedup:silver_or_gold_backpack": {
    "criteria": {
      "has_gold_backpack": "2024-06-18 04:45:03 +0000"
    },
    "done": true
  },
  "dungeons_arise:find_mechanical_nest": {
    "criteria": {
      "location0": "2024-06-18 05:09:57 +0000"
    },
    "done": true
  },
  "incendium:technical/sentrys_wrath": {
    "criteria": {
      "log_spam_fixer": "2024-06-18 05:59:49 +0000"
    },
    "done": false
  },
  "incendium:technical/inventory/sentrys_wrath": {
    "criteria": {
      "log_spam_fixer": "2024-06-18 05:59:49 +0000"
    },
    "done": false
  },
  "incendium:technical/multiplex_crossbow": {
    "criteria": {
      "log_spam_fixer": "2024-06-18 05:59:49 +0000"
    },
    "done": false
  },
  "incendium:technical/firestorm": {
    "criteria": {
      "log_spam_fixer": "2024-06-18 05:59:49 +0000"
    },
    "done": false
  },
  "incendium:technical/holy_wrath": {
    "criteria": {
      "log_spam_fixer": "2024-06-18 05:59:49 +0000"
    },
    "done": false
  },
  "incendium:technical/on_block": {
    "criteria": {
      "log_spam_fixer": "2024-06-18 05:59:49 +0000"
    },
    "done": false
  },
  "incendium:technical/inventory/firestorm": {
    "criteria": {
      "log_spam_fixer": "2024-06-18 05:59:49 +0000"
    },
    "done": false
  },
  "incendium:technical/feed_ghastling": {
    "criteria": {
      "log_spam_fixer": "2024-06-18 05:59:49 +0000"
    },
    "done": false
  },
  "incendium:technical/on_inventory_change": {
    "criteria": {
      "log_spam_fixer": "2024-06-18 05:59:49 +0000"
    },
    "done": false
  },
  "incendium:technical/give_ghastling": {
    "criteria": {
      "log_spam_fixer": "2024-06-18 05:59:49 +0000"
    },
    "done": false
  },
  "incendium:technical/on_kill": {
    "criteria": {
      "log_spam_fixer": "2024-06-18 05:59:49 +0000"
    },
    "done": false
  },
  "incendium:technical/on_player_hurt": {
    "criteria": {
      "log_spam_fixer": "2024-06-18 05:59:49 +0000"
    },
    "done": false
  },
  "DataVersion": 3465
}