{
  "betterdungeons:root": {
    "criteria": {
      "always": "2024-06-18 01:19:19 +0000"
    },
    "done": true
  },
  "dungeons_arise:wda_root": {
    "criteria": {
      "WDA": "2024-06-18 01:19:19 +0000"
    },
    "done": true
  },
  "1_splatus:ultris/root": {
    "criteria": {
      "c1": "2024-06-18 01:19:19 +0000"
    },
    "done": true
  },
  "incendium:technical/new_player": {
    "criteria": {
      "requirement": "2024-06-18 01:19:19 +0000"
    },
    "done": true
  },
  "repurposed_structures:root": {
    "criteria": {
      "always": "2024-06-18 01:19:19 +0000"
    },
    "done": true
  },
  "incendium:technical/using/trailblazer": {
    "criteria": {
      "log_spam_fixer": "2024-06-18 01:19:20 +0000"
    },
    "done": false
  },
  "incendium:technical/scroll_of_returning": {
    "criteria": {
      "log_spam_fixer": "2024-06-18 01:19:20 +0000"
    },
    "done": false
  },
  "biomesoplenty:biomesoplenty/all_biomes": {
    "criteria": {
      "snowblossom_grove": "2024-06-18 02:46:34 +0000",
      "rocky_shrubland": "2024-06-18 04:41:47 +0000",
      "highland": "2024-06-18 04:40:53 +0000",
      "jade_cliffs": "2024-06-18 04:41:50 +0000",
      "mystic_grove": "2024-06-18 04:40:40 +0000",
      "cold_desert": "2024-06-18 03:29:15 +0000",
      "field": "2024-06-18 04:04:30 +0000",
      "coniferous_forest": "2024-06-18 03:50:01 +0000",
      "seasonal_orchard": "2024-06-18 03:50:09 +0000",
      "seasonal_forest": "2024-06-18 03:57:34 +0000",
      "auroral_garden": "2024-06-18 02:46:01 +0000",
      "fir_clearing": "2024-06-18 03:56:37 +0000",
      "grassland": "2024-06-18 04:58:09 +0000",
      "snowy_coniferous_forest": "2024-06-18 01:19:20 +0000",
      "snowy_fir_clearing": "2024-06-18 03:09:17 +0000",
      "tundra": "2024-06-18 03:46:21 +0000",
      "glowing_grotto": "2024-06-18 02:39:28 +0000"
    },
    "done": false
  },
  "incendium:technical/using/ragnarok": {
    "criteria": {
      "log_spam_fixer": "2024-06-18 01:19:20 +0000"
    },
    "done": false
  },
  "incendium:technical/using/shield": {
    "criteria": {
      "log_spam_fixer": "2024-06-18 01:19:20 +0000"
    },
    "done": false
  },
  "biomesoplenty:biomesoplenty/root": {
    "criteria": {
      "snowy_coniferous_forest": "2024-06-18 01:19:20 +0000"
    },
    "done": true
  },
  "minecraft:story/root": {
    "criteria": {
      "crafting_table": "2024-06-18 01:20:02 +0000"
    },
    "done": true
  },
  "minecraft:story/mine_stone": {
    "criteria": {
      "get_stone": "2024-06-18 02:20:13 +0000"
    },
    "done": true
  },
  "minecraft:story/upgrade_tools": {
    "criteria": {
      "stone_pickaxe": "2024-06-18 02:21:30 +0000"
    },
    "done": true
  },
  "minecraft:adventure/root": {
    "criteria": {
      "killed_something": "2024-06-18 02:21:51 +0000"
    },
    "done": true
  },
  "minecraft:adventure/kill_all_mobs": {
    "criteria": {
      "minecraft:pillager": "2024-06-18 03:44:32 +0000",
      "minecraft:skeleton": "2024-06-18 03:01:52 +0000",
      "minecraft:vindicator": "2024-06-18 04:10:11 +0000",
      "minecraft:spider": "2024-06-18 02:34:53 +0000",
      "minecraft:creeper": "2024-06-18 04:46:21 +0000",
      "minecraft:stray": "2024-06-18 03:39:45 +0000",
      "minecraft:zombie": "2024-06-18 02:21:51 +0000"
    },
    "done": false
  },
  "minecraft:adventure/kill_a_mob": {
    "criteria": {
      "minecraft:zombie": "2024-06-18 02:21:51 +0000"
    },
    "done": true
  },
  "minecraft:husbandry/balanced_diet": {
    "criteria": {
      "cooked_mutton": "2024-06-18 03:10:53 +0000",
      "baked_potato": "2024-06-18 03:51:28 +0000",
      "apple": "2024-06-18 03:33:34 +0000",
      "cooked_cod": "2024-06-18 02:52:19 +0000",
      "bread": "2024-06-18 03:34:06 +0000",
      "golden_apple": "2024-06-18 05:19:02 +0000",
      "cookie": "2024-06-18 04:16:00 +0000",
      "rotten_flesh": "2024-06-18 02:27:14 +0000",
      "glow_berries": "2024-06-18 03:59:36 +0000",
      "cooked_salmon": "2024-06-18 02:51:21 +0000"
    },
    "done": false
  },
  "minecraft:husbandry/root": {
    "criteria": {
      "consumed_item": "2024-06-18 02:27:14 +0000"
    },
    "done": true
  },
  "minecraft:story/smelt_iron": {
    "criteria": {
      "iron": "2024-06-18 02:38:05 +0000"
    },
    "done": true
  },
  "minecraft:adventure/adventuring_time": {
    "criteria": {
      "minecraft:frozen_river": "2024-06-18 02:45:05 +0000",
      "minecraft:river": "2024-06-18 03:57:14 +0000",
      "minecraft:snowy_plains": "2024-06-18 03:16:41 +0000",
      "minecraft:stony_shore": "2024-06-18 02:46:51 +0000",
      "minecraft:dripstone_caves": "2024-06-18 05:05:05 +0000",
      "minecraft:snowy_taiga": "2024-06-18 03:16:36 +0000",
      "minecraft:grove": "2024-06-18 03:22:50 +0000",
      "minecraft:swamp": "2024-06-18 04:58:13 +0000",
      "minecraft:jagged_peaks": "2024-06-18 03:25:26 +0000",
      "minecraft:frozen_ocean": "2024-06-18 02:46:57 +0000",
      "minecraft:old_growth_spruce_taiga": "2024-06-18 04:39:58 +0000",
      "minecraft:snowy_beach": "2024-06-18 02:46:47 +0000",
      "minecraft:frozen_peaks": "2024-06-18 03:22:55 +0000"
    },
    "done": false
  },
  "minecraft:husbandry/fishy_business": {
    "criteria": {
      "salmon": "2024-06-18 02:49:03 +0000"
    },
    "done": true
  },
  "minecraft:story/obtain_armor": {
    "criteria": {
      "iron_chestplate": "2024-06-18 03:03:31 +0000"
    },
    "done": true
  },
  "1_splatus:ultris/technical/used_shield": {
    "criteria": {
      "requirement": "2024-06-18 03:17:51 +0000"
    },
    "done": true
  },
  "minecraft:adventure/sleep_in_bed": {
    "criteria": {
      "slept_in_bed": "2024-06-18 03:19:09 +0000"
    },
    "done": true
  },
  "1_splatus:ultris/illusioner": {
    "criteria": {
      "c1": "2024-06-18 03:20:10 +0000"
    },
    "done": true
  },
  "minecraft:story/iron_tools": {
    "criteria": {
      "iron_pickaxe": "2024-06-18 03:26:25 +0000"
    },
    "done": true
  },
  "minecraft:story/deflect_arrow": {
    "criteria": {
      "deflected_projectile": "2024-06-18 03:29:33 +0000"
    },
    "done": true
  },
  "dungeons_arise:find_abandoned_temple": {
    "criteria": {
      "location0": "2024-06-18 03:29:57 +0000"
    },
    "done": true
  },
  "nova_structures:adventure/find_all_illager_structures": {
    "criteria": {
      "pillager_outpost": "2024-06-18 03:43:14 +0000",
      "illager_camp": "2024-06-18 04:09:52 +0000"
    },
    "done": false
  },
  "nova_structures:adventure/find_pillager_outpost": {
    "criteria": {
      "minecraft:pillager_outpost": "2024-06-18 03:43:14 +0000"
    },
    "done": true
  },
  "minecraft:story/shiny_gear": {
    "criteria": {
      "diamond_helmet": "2024-06-18 04:05:34 +0000"
    },
    "done": true
  },
  "dungeons_arise:find_greenwood_pub": {
    "criteria": {
      "location0": "2024-06-18 04:14:43 +0000"
    },
    "done": true
  },
  "minecraft:adventure/trade": {
    "criteria": {
      "traded": "2024-06-18 04:16:19 +0000"
    },
    "done": true
  },
  "supplementaries:adventure/way_sign": {
    "criteria": {
      "bastion": "2024-06-18 04:36:02 +0000"
    },
    "done": true
  },
  "immersive_melodies:misc/instruments": {
    "criteria": {
      "has_item": "2024-06-18 04:43:50 +0000"
    },
    "done": true
  },
  "simplyswords:simplyswords": {
    "criteria": {
      "requirement": "2024-06-18 04:44:46 +0000"
    },
    "done": true
  },
  "packedup:basic_backpack": {
    "criteria": {
      "has_backpack": "2024-06-18 05:01:58 +0000"
    },
    "done": true
  },
  "dungeons_arise:find_mechanical_nest": {
    "criteria": {
      "location0": "2024-06-18 05:10:26 +0000"
    },
    "done": true
  },
  "minecraft:story/mine_diamond": {
    "criteria": {
      "diamond": "2024-06-18 05:15:49 +0000"
    },
    "done": true
  },
  "minecraft:adventure/shoot_arrow": {
    "criteria": {
      "shot_arrow": "2024-06-18 05:18:36 +0000"
    },
    "done": true
  },
  "incendium:technical/sentrys_wrath": {
    "criteria": {
      "log_spam_fixer": "2024-06-18 06:09:49 +0000"
    },
    "done": false
  },
  "incendium:technical/inventory/sentrys_wrath": {
    "criteria": {
      "log_spam_fixer": "2024-06-18 06:09:49 +0000"
    },
    "done": false
  },
  "incendium:technical/multiplex_crossbow": {
    "criteria": {
      "log_spam_fixer": "2024-06-18 06:09:49 +0000"
    },
    "done": false
  },
  "incendium:technical/firestorm": {
    "criteria": {
      "log_spam_fixer": "2024-06-18 06:09:49 +0000"
    },
    "done": false
  },
  "incendium:technical/holy_wrath": {
    "criteria": {
      "log_spam_fixer": "2024-06-18 06:09:49 +0000"
    },
    "done": false
  },
  "incendium:technical/on_block": {
    "criteria": {
      "log_spam_fixer": "2024-06-18 06:09:49 +0000"
    },
    "done": false
  },
  "incendium:technical/inventory/firestorm": {
    "criteria": {
      "log_spam_fixer": "2024-06-18 06:09:49 +0000"
    },
    "done": false
  },
  "incendium:technical/feed_ghastling": {
    "criteria": {
      "log_spam_fixer": "2024-06-18 06:09:49 +0000"
    },
    "done": false
  },
  "incendium:technical/on_inventory_change": {
    "criteria": {
      "log_spam_fixer": "2024-06-18 06:09:49 +0000"
    },
    "done": false
  },
  "incendium:technical/give_ghastling": {
    "criteria": {
      "log_spam_fixer": "2024-06-18 06:09:49 +0000"
    },
    "done": false
  },
  "incendium:technical/on_kill": {
    "criteria": {
      "log_spam_fixer": "2024-06-18 06:09:49 +0000"
    },
    "done": false
  },
  "incendium:technical/on_player_hurt": {
    "criteria": {
      "log_spam_fixer": "2024-06-18 06:09:49 +0000"
    },
    "done": false
  },
  "DataVersion": 3465
}